{"class_weights": [0.5398139493479325, 0.27444874904956734, 3.4006280843427548, 40.07931262392597, 10.540587519555014, 11.11640696608616], "class_counts": [112335, 220952, 17832, 1513, 5753, 5455]}